

<feed xmlns="http://www.w3.org/2005/Atom">
  <id>http://localhost:4000/</id>
  <title>A1mH1gh</title>
  <subtitle>A minimal, responsive, and powerful Jekyll theme for presenting professional writing.</subtitle>
  <updated>2022-09-20T19:52:25+08:00</updated>
  <author>
    <name>your_full_name</name>
    <uri>http://localhost:4000/</uri>
  </author>
  <link rel="self" type="application/atom+xml" href="http://localhost:4000/feed.xml"/>
  <link rel="alternate" type="text/html" hreflang="en"
    href="http://localhost:4000/"/>
  <generator uri="https://jekyllrb.com/" version="4.2.2">Jekyll</generator>
  <rights> © 2022 your_full_name </rights>
  <icon>/assets/img/favicons/favicon.ico</icon>
  <logo>/assets/img/favicons/favicon-96x96.png</logo>


  
  <entry>
    <title>[HTB] - RedPanda</title>
    <link href="http://localhost:4000/posts/OSCP_1_RedPanda/" rel="alternate" type="text/html" title="[HTB] - RedPanda" />
    <published>2022-09-19T00:00:00+08:00</published>
  
    <updated>2022-09-19T00:00:00+08:00</updated>
  
    <id>http://localhost:4000/posts/OSCP_1_RedPanda/</id>
    <content src="http://localhost:4000/posts/OSCP_1_RedPanda/" />
    <author>
      <name>A1mH1gh</name>
    </author>

  
    
    <category term="Mobile App Pentesting" />
    
  

  
    <summary>
      





      
This is ==Highlight==



    </summary>
  

  </entry>

</feed>


